Nov-25,,,,,,,,,,,,,,,,,,,,,,,,,,,,,,,,,,,,,,,,,,,,,,,
,1RA SEMANA,,,,,,,,,,2DA SEMANA,,,,,,,,,,3RA SEMANA,,,,,,,,,,4TA SEMANA,,,,,,,,,,,,,,,,
,1,2,3,4,5,6,7,,,,8,9,10,11,12,13,14,,,,15,16,17,18,19,20,21,,,,22,23,24,25,26,27,28,29,30,,,,,,,,
CAMPAÑA,,,,,,,,,,,,,,,,,,,,,,,,,,,,,,,,,,,,,,,,,,,,,,,
FORMULARIO ANGELÓPOLIS,6,5,5,2,6,3,4,FORMULARIOS,31,,10,4,5,10,5,7,1,FORMULARIOS,42,,3,2,0,4,1,1,3,FORMULARIOS,14,,4,2,0,4,6,1,2,2,4,FORMULARIOS,19,,,,,,
,,,,,,,,,,,,,,,,,,,,,,,,,,,,,,,,,,,,,,,,,,,,,,,
WHATSAPP ANGELÓPOLIS,1,5,9,6,9,8,12,CONVERSACIONES,50,,7,12,10,2,4,10,0,CONVERSACIONES,45,,1,1,1,1,14,9,7,CONVERSACIONES,34,,9,28,9,3,2,5,1,1,3,CONVERSACIONES,24,,,,,,
,,,,,,,,,,,,,,,,,,,,,,,,,,,,,,,,,,,,,,,,,,,,,,,
WHATSAPP ASESORES TLAXCALA,0,3,2,2,3,3,4,CONVERSACIONES,17,,2,4,1,7,6,7,1,CONVERSACIONES,28,,5,1,2,3,5,1,0,CONVERSACIONES,17,,2,5,1,2,0,0,0,1,2,CONVERSACIONES,6,,,,,,
,,,,,,,,,,,,,,,,,,,,,,,,,,,,,,,,,,,,,,,,,,,,,,,
WHATSAPP ASESORES ANGELÓPOLIS,10,21,9,20,16,15,13,CONVERSACIONES,104,,12,15,13,12,16,25,11,CONVERSACIONES,104,,22,11,21,14,13,22,13,CONVERSACIONES,116,,15,30,16,7,10,17,6,11,11,CONVERSACIONES,78,,,,,,
,,,,,,,,,,,,,,,,,,,,,,,,,,,,,,,,,,,,,,,,,,,,,,,
FORMULARIO TLAXCALA,3,6,6,4,8,4,6,FORMULARIOS,37,,7,6,4,6,5,4,1,FORMULARIOS,33,,1,2,4,1,1,0,3,FORMULARIOS,12,,2,0,2,1,2,0,1,1,5,FORMULARIOS,12,,,,,,
,,,,,,,,,,,,,,,,,,,,,,,,,,,,,,,,,,,,,,,,,,,,,,,
,,,,,,,,,239,,,,,,,,,,252,,,,,,,,,,193,,,,,,,,,,,,139,,,,,,
CAMPAÑAS ADICIONALES,,,,,,,,,,,,,,,,,,,,,,,,,,,,,,,,,,,,,,,,,,,,,,,
THRUPLAY,43990,,,,,,,,,,,,,,,,,,,,,,,,,,,,,,,,,,,,,,,823,,,,,,,
SEGUIDORES TLAXCALA,251,,,,,,,,,,,,,,,,,,,,,,,,,,,,,,,,,,,,,,,,,,,,,,
SEGUIDORES ANGELÓPOLIS,2838,,,,,,,,,,,,,,,,,,,,,,,,,,,,,,,,,,,,,,,,,,,,,,
,,,,,,,,,,,,,,,,,,,,,,,,,,,,,,,,,,,,,,,,,,,,,,,
,,,,,,,,,,,,,,,,,,,,,,,,,,,,,,,,,,,,,,,,,,,,,,,
Dec-25,,,,,,,,,,,,,,,,,,,,,,,,,,,,,,,,,,,,,,,,,,,,,,,
,1RA SEMANA,,,,,,,,,,2DA SEMANA,,,,,,,,,,3RA SEMANA,,,,,,,,,,4TA SEMANA,,,,,,,,,,,4TA SEMANA,,,,,
,1,2,3,4,5,6,7,,,,8,9,10,11,12,13,14,,,,15,16,17,18,19,20,21,,,,22,23,24,25,26,27,28,,,,,29,30,31,,,
,,,,,,,,,,,,,,,,,,,,,,,,,,,,,,,,,,,,,,,,,,,,,,,
"
LEADS-GAC ANGELÓPOLIS-DIC",3,2,3,2,2,6,4,FORMULARIOS,22,,3,-,-,4,5,6,5,FORMULARIOS,23,,4,5,7,2,4,2,2,FORMULARIOS,26,,8,3,1,7,6,5,4,FORMULARIOS,34,105,,2,1,5,FORMULARIOS,8,113
,,,,,,,,,,,,,,,,,,,,,,,,,,,,,,,,,,,,,,,,,,,,,,,
LEADS-EMZOOM-GAC ANGELÓPOLIS,-,-,-,-,-,-,-,FORMULARIOS,0,,-,-,-,-,5,3,3,FORMULARIOS,11,,4,4,2,2,1,1,3,FORMULARIOS,17,,7,3,2,4,3,5,3,FORMULARIOS,27,55,,3,0,0,FORMULARIOS,3,58
,,,,,,,,,,,,,,,,,,,,,,,,,,,,,,,,,,,,,,,,,,,,,,,
LEADS-WHATSAPP-ANGELÓPOLIS-,3,3,4,3,3,2,2,CONVERSACIONES,20,,2,6,7,1,1,5,8,CONVERSACIONES,30,,10,8,2,3,6,6,3,CONVERSACIONES,38,,4,3,5,10,6,5,13,CONVERSACIONES,46,134,,14,10,6,CONVERSACIONES,30,164
,,,,,,,,,,,,,,,,,,,,,,,,,,,,,,,,,,,,,,,,,,,,,,,
WHATSAPP ASESORES TLAXCALA,0,2,3,1,2,1,3,CONVERSACIONES,12,,3,0,4,3,2,3,0,CONVERSACIONES,15,,1,12,6,9,7,4,3,CONVERSACIONES,42,,0,3,2,7,8,1,6,CONVERSACIONES,27,96,,5,5,5,CONVERSACIONES,15,111
,,,,,,,,,,,,,,,,,,,,,,,,,,,,,,,,,,,,,,,,,,,,,,,
CA-WHATSAPP-ASESORES-ANGELOPOLIS,7,11,6,7,5,9,11,CONVERSACIONES,56,,4,3,8,11,4,8,8,CONVERSACIONES,46,,15,16,14,16,12,18,28,CONVERSACIONES,119,,15,8,6,8,13,8,15,CONVERSACIONES,73,294,,15,15,12,CONVERSACIONES,42,336
,,,,,,,,,,,,,,,,,,,,,,,,,,,,,,,,,,,,,,,,,,,,,,,
CA-ANA-TLAXCALA,,-,-,-,-,-,-,CONVERSACIONES,0,,,,,,2,7,6,CONVERSACIONES,15,,4,11,7,15,6,4,7,CONVERSACIONES,54,,6,10,7,3,9,4,3,CONVERSACIONES,42,111,,9,3,6,CONVERSACIONES,18,129
,,,,,,,,,,,,,,,,,,,,,,,,,,,,,,,,,,,,,,,,,,,,,,,
CA LEADS TLAXCALA,,-,-,-,-,-,-,FORMULARIOS,0,,,,,1,2,3,,FORMULARIOS,6,,2,2,1,2,3,1,2,FORMULARIOS,13,,5,3,4,3,3,3,2,FORMULARIOS,23,42,,2,3,3,FORMULARIOS,8,50
,,,,,,,,,,,,,,,,,,,,,,,,,,,,,,,,,,,,,,,,,,,,,,,
CA-RMKT ANGELOPOLIS,-,-,-,-,-,-,-,FORMULARIOS,0,,-,-,-,-,-,-,1,FORMULARIOS,1,,2,1,1,0,1,3,3,FORMULARIOS,11,,0,,,,,,,FORMULARIOS,0,12,,-,-,-,FORMULARIOS,0,12
,,,,,,,,,,,,,,,,,,,,,,,,,,,,,,,,,,,,,,,,,,,,,,,
CA ELÉCTRICOS,-,-,-,-,-,-,-,FORMULARIOS,0,,-,-,-,-,-,-,-,FORMULARIOS,0,,-,-,-,-,-,-,-,FORMULARIOS,0,,-,-,4,0,6,2,3,FORMULARIOS,15,15,,3,3,2,FORMULARIOS,8,23
,,,,,,,,,110,,,,,,,,,,147,,,,,,,,,,320,,,,,,,,,,287,,,,,,,132,
,,,,,,,,,,,,,,,,,,,,,,,,,,,,,,,,,,,,,,,,,,,,,,,
LIKES,2568,LIKES,,,,,,,,,,,,,,,,,,,,,,,,,,,,,,,,,,,,,,,,,,,,,
TRÁFICO,817,VISITAS A SITIO,,,,,,,,,,,,,,,,,,,,,,,,,,,,,,,,,,,,,,,,,,,,,
THRUPLAY,41250,THRUPLAYS,,,,,,,,,,,,,,,,,,,,,,,,,,,,,,,,,,,,,,,,,,,,,
EMKOOMANÍA,524,INTERACCIONES,,,,,,,,,,,,,,,,,,,,,,,,,,,,,,,,,,,,,,,,,,,,,
FORMULARIOS,256,LEADS DE FORMULARIO,,,,,,,,,,,,,,,,,,,,,,,,,,,,,,,,,,,,,,,,,,,,,
CONVERSACIONES,740,Conversaciones,,,,,,,,,,,,,,,,,,,,,,,,,,,,,,,,,,,,,,,,,,,,,
,,,,,,,,,,,,,,,,,,,,,,,,,,,,,,,,,,,,,,,,,,,,,,,
,,,,,,,,,,,,,,,,,,,,,,,,,,,,,,,,,,,,,,,,,,,,,,,
Jan-26,1RA SEMANA,,,,,,,,,,2DA SEMANA,,,,,,,,,,3RA SEMANA,,,,,,,,,,4TA SEMANA,,,,,,,,,,,,,,,,
,1,2,3,4,5,6,7,,,,8,9,10,11,12,13,14,,,,15,16,17,18,19,20,21,,,,22,23,24,25,26,27,28,29,30,31,,,,,,,
,,,,,,,,,,,,,,,,,,,,,,,,,,,,,,,,,,,,,,,,,,,,,,,
"
LEADS-GAC ANGELÓPOLIS-ENE",5,4,5,2,3,4,8,FORMULARIOS,31,,7,5,8,2,2,3,3,FORMULARIOS,30,,5,2,3,2,1,2,5,FORMULARIOS,20,,1,0,2,5,0,6,5,0,1,-,FORMULARIOS,17,,,,,
,,,,,,,,,,,,,,,,,,,,,,,,,,,,,,,,,,,,,,,,,,,,,,,
LEADS-WHATSAPP-ANGELÓPOLIS-,4,9,20,57,22,6,13,CONVERSACIONES,131,,8,15,12,15,6,12,7,CONVERSACIONES,75,,9,12,4,16,6,5,10,CONVERSACIONES,62,,4,10,15,9,8,12,5,6,12,10,CONVERSACIONES,62,,,,,
,,,,,,,,,,,,,,,,,,,,,,,,,,,,,,,,,,,,,,,,,,,,,,,
CA-WHATSAPP-ASESORES-ANGELOPOLIS,8,17,12,12,15,13,12,CONVERSACIONES,89,,12,9,9,10,18,11,4,CONVERSACIONES,73,,15,11,11,24,11,6,8,CONVERSACIONES,86,,13,6,5,11,6,10,8,9,8,10,CONVERSACIONES,62,,,,,
,,,,,,,,,,,,,,,,,,,,,,,,,,,,,,,,,,,,,,,,,,,,,,,
CA ELÉCTRICOS GAC ANGELÓPOLIS,0,1,0,1,2,5,1,FORMULARIOS,10,,1,5,4,3,3,1,0,FORMULARIOS,17,,3,1,1,2,3,6,5,FORMULARIOS,21,,3,0,1,3,0,1,1,2,2,4,FORMULARIOS,13,,,,,
,,,,,,,,,,,,,,,,,,,,,,,,,,,,,,,,,,,,,,,,,,,,,,,
CA-ANA-TLAXCALA,4,7,7,6,7,15,7,CONVERSACIONES,53,,10,2,4,3,3,3,4,CONVERSACIONES,29,,5,2,8,3,4,8,7,CONVERSACIONES,37,,4,7,3,3,3,6,0,4,4,4,CONVERSACIONES,24,,,,,
,,,,,,,,,,,,,,,,,,,,,,,,,,,,,,,,,,,,,,,,,,,,,,,
CA LEADS TLAXCALA,2,5,2,2,1,2,1,FORMULARIOS,15,,0,1,3,3,2,1,1,FORMULARIOS,11,,2,1,2,3,1,2,2,FORMULARIOS,13,,0,1,3,0,0,0,0,0,0,0,FORMULARIOS,0,,,,,
,,,,,,,,,,,,,,,,,,,,,,,,,,,,,,,,,,,,,,,,,,,,,,,
CA ASESORES TLAXCALA,6,4,5,8,7,3,5,CONVERSACIONES,38,,7,0,5,3,2,4,5,CONVERSACIONES,26,,1,3,1,3,4,2,1,CONVERSACIONES,15,,3,5,2,6,5,2,0,2,5,4,CONVERSACIONES,24,,,,,
,,,,,,,,,,,,,,,,,,,,,,,,,,,,,,,,,,,,,,,,,,,,,,,
CA LEADS PACHUCA,-,-,-,-,-,-,2,FORMULARIOS,2,,6,2,6,2,2,4,2,FORMULARIOS,24,,3,4,1,4,1,0,2,FORMULARIOS,15,,2,1,2,4,3,1,1,1,1,2,FORMULARIOS,13,,,,,
,,,,,,,,,329,,,,,,,,,,235,,,,,,,,,,239,,,,,,,,,,,,,178,,,,,
,,,,,,,,,,,,,,,,,,,,,,,,,,,,,,,,,,,,,,,,,,,,,,,
,,,,,,,,,,383,,,,,,,,,,,,,,,,,,,,,,,,,,,,,,,,,,,,,
,,,,,,,,,,,,,,,,,,,,,,,,,,,,,,,,,,,,,,,,,,,,,,,
RECONOCIMIENTO PACHUCA,174439,ALCANCE,,,,,,,,,,,,,,,,,,,,,,,,,,,,,,,,,,,,,,,,,,,,,
SITIO WEB,2301,VISITAS A SITIO,,,,,,,,,,,,,,,,,,,,,,,,,,,,,,,,,,,,,,,,,,,,,
THRUPLAY,75711,THRUPLAYS,,,,,,,,,,,,,,,,,,,,,,,,,,,,,,,,,,,,,,,,,,,,,
LIKES,2732,SEGUIDORES,,,,,,,,,,,,,,,,,,,,,,,,,,,,,,,,,,,,,,,,,,,,,
TEST DRIVE,57,COONVERSACIONES,,,,,,,,,,,,,,,,,,,,,,,,,,,,,,,,,,,,,,,,,,,,,
CAMPAÑA BONO ANGELÓPÓLIS,4,CLIENTES POTENCIALES,,,,,,,,,,,,,,,,,,,,,,,,,,,,,,,,,,,,,,,,,,,,,
,,,,,,,,,,,,,,,,,,,,,,,,,,,,,,,,,,,,,,,,,,,,,,,
,,,,,,,,,,,,,,,,,,,,,,,,,,,,,,,,,,,,,,,,,,,,,,,
Feb-26,1RA SEMANA,,,,,,,,,,2DA SEMANA,,,,,,,,,,3RA SEMANA,,,,,,,,,,4TA SEMANA,,,,,,,,,,,,,,,,
,1,2,3,4,5,6,7,,,,8,9,10,11,12,13,14,,,,15,16,17,18,19,20,21,,,,22,23,24,25,26,27,28,,,,,,,,,,
,,,,,,,,,,,,,,,,,,,,,,,,,,,,,,,,,,,,,,,,,,,,,,,
"
LEADS-GAC ANGELÓPOLIS-ENE",4,3,2,3,2,0,0,FORMULARIOS,14,,1,2,2,1,4,0,0,FORMULARIOS,10,,4,2,1,2,0,2,2,FORMULARIOS,13,,2,2,3,3,0,0,0,FORMULARIOS,10,,,,,,,,
,,,,,,,,,,,,,,,,,,,,,,,,,,,,,,,,,,,,,,,,,,,,,,,
LEADS-WHATSAPP-ANGELÓPOLIS-,14,10,13,13,6,6,13,CONVERSACIONES,75,,7,8,5,4,2,4,5,CONVERSACIONES,35,,5,8,4,4,2,2,0,CONVERSACIONES,25,,4,6,8,6,4,3,6,CONVERSACIONES,37,,,,,,,,
,,,,,,,,,,,,,,,,,,,,,,,,,,,,,,,,,,,,,,,,,,,,,,,
CA-WHATSAPP-ASESORES-ANGELOPOLIS,11,8,11,9,7,12,6,CONVERSACIONES,64,,12,5,12,12,10,2,6,CONVERSACIONES,59,,4,7,10,13,8,6,7,CONVERSACIONES,55,,11,13,13,10,6,3,6,CONVERSACIONES,62,,,,,,,,
,,,,,,,,,,,,,,,,,,,,,,,,,,,,,,,,,,,,,,,,,,,,,,,
CA ELÉCTRICOS GAC ANGELÓPOLIS,4,3,3,3,2,1,2,FORMULARIOS,18,,3,1,5,3,4,1,3,FORMULARIOS,20,,0,2,3,2,2,4,6,FORMULARIOS,19,,2,0,2,4,0,2,0,FORMULARIOS,10,,,,,,,,
,,,,,,,,,,,,,,,,,,,,,,,,,,,,,,,,,,,,,,,,,,,,,,,
CA-ANA-TLAXCALA,3,6,2,3,3,2,7,CONVERSACIONES,26,,7,5,3,3,1,2,6,CONVERSACIONES,27,,4,3,4,5,5,2,0,CONVERSACIONES,23,,2,1,5,6,4,1,2,CONVERSACIONES,21,,,,,,,,
,,,,,,,,,,,,,,,,,,,,,,,,,,,,,,,,,,,,,,,,,,,,,,,
CA LEADS TLAXCALA,2,1,0,5,4,1,2,FORMULARIOS,15,,1,1,0,1,1,1,0,FORMULARIOS,5,,3,2,3,0,1,4,0,FORMULARIOS,13,,2,2,1,1,1,1,0,FORMULARIOS,8,,,,,,,,
,,,,,,,,,,,,,,,,,,,,,,,,,,,,,,,,,,,,,,,,,,,,,,,
CA ASESORES TLAXCALA,5,2,7,5,5,5,1,CONVERSACIONES,30,,7,6,4,4,4,2,2,CONVERSACIONES,29,,0,2,3,3,2,4,4,CONVERSACIONES,18,,4,2,2,3,2,4,1,CONVERSACIONES,18,,95,Asesores Tlaxcala,,,,,
,,,,,,,,,,,,,,,,,,,,,,,,,,,,,,,,,,,,,,,,,240,Asesores Angelópolis,,,,,
CA LEADS PACHUCA,0,0,1,0,1,2,2,FORMULARIOS,6,,3,4,5,1,3,2,2,FORMULARIOS,20,,3,2,3,4,6,0,2,FORMULARIOS,20,,2,2,0,1,1,1,1,FORMULARIOS,8,,269,WhatsApp,,,,,
,,,,,,,,,212,,,,,,,,,,156,,,,,,,,,,148,,,,,,,,,,148,,209,Formularios,,,,,
,,,,,,,,,,,,,,,,,,,,,,,,,,,,,,,,,,,,,,,,,,,,,,,
Mar-26,1RA SEMANA,,,,,,,,,,2DA SEMANA,,,,,,,,,,3RA SEMANA,,,,,,,,,,4TA SEMANA,,,,,,,,,,,,,,,,
,1,2,3,4,5,6,7,,,,8,9,10,11,12,13,14,,,,15,16,17,18,19,20,21,,,,22,23,24,25,26,27,28,,,,,,,,,,
,,,,,,,,,,,,,,,,,,,,,,,,,,,,,,,,,,,,,,,,,,,,,,,
"
LEADS-GAC ANGELÓPOLIS-ENE",4,3,1,-,-,-,1,FORMULARIOS,9,,1,2,1,1,2,2,2,FORMULARIOS,11,,3,5,,,1,1,,FORMULARIOS,10,,1,2,3,,,,,FORMULARIOS,6,,,,,,,,
,,,,,,,,,,,,,,,,,,,,,,,,,,,,,,,,,,,,,,,,,,,,,,,
LEADS-WHATSAPP-ANGELÓPOLIS-,1,2,4,8,10,5,5,CONVERSACIONES,35,,7,7,5,1,4,6,3,CONVERSACIONES,33,,9,10,8,1,,1,7,CONVERSACIONES,36,,12,8,8,7,6,7,4,CONVERSACIONES,52,,,,,,,,
,,,,,,,,,,,,,,,,,,,,,,,,,,,,,,,,,,,,,,,,,,,,,,,
CA-WHATSAPP-ASESORES-ANGELOPOLIS,10,-,-,5,25,9,15,CONVERSACIONES,64,,27,21,11,19,9,9,6,CONVERSACIONES,102,,22,16,19,9,-,-,16,CONVERSACIONES,82,,21,22,25,22,18,21,23,CONVERSACIONES,152,,,,,,,,
,,,,,,,,,,,,,,,,,,,,,,,,,,,,,,,,,,,,,,,,,,,,,,,
CA ELÉCTRICOS GAC ANGELÓPOLIS,-,-,-,-,-,0,0,FORMULARIOS,0,,0,2,-,-,-,-,-,FORMULARIOS,2,,-,-,-,-,-,-,-,FORMULARIOS,0,,-,-,-,-,-,-,-,,,,,,,,,,
,,,,,,,,,,,,,,,,,,,,,,,,,,,,,,,,,,,,,,,,,,,,,,,
CA LEADS TLAXCALA,1,2,2,1,1,2,1,FORMULARIOS,10,,3,0,1,1,0,0,0,FORMULARIOS,5,,2,0,3,2,-,0,1,FORMULARIOS,8,,1,1,1,1,2,1,1,,,,,,,,,,
,,,,,,,,,,,,,,,,,,,,,,,,,,,,,,,,,,,,,,,,,,,,,,,
CA ASESORES TLAXCALA,3,-,-,-,9,7,4,CONVERSACIONES,23,,5,9,7,6,7,3,9,CONVERSACIONES,46,,4,5,2,0,,3,3,CONVERSACIONES,17,,1,1,1,2,1,2,1,CONVERSACIONES,9,,,,,,,,
,,,,,,,,,,,,,,,,,,,,,,,,,,,,,,,,,,,,,,,,,,,,,,,
CA LEADS PACHUCA,0,0,0,2,2,0,1,FORMULARIOS,5,,3,0,0,1,0,3,3,FORMULARIOS,10,,1,0,1,0,,1,2,FORMULARIOS,5,,2,0,2,1,1,2,0,FORMULARIOS,8,,,,,,,,
,,,,,,,,,118,,,,,,,,,,153,,,,,,,,,,136,,,,,,,,,,,,,,,,,,
,,,,,,,,,,,,,,,,,,,,,,,,,,,,,,,,,,,,,,,,,,,,,,,
Apr-26,1RA SEMANA,,,,,,,,,,2DA SEMANA,,,,,,,,,,3RA SEMANA,,,,,,,,,,4TA SEMANA,,,,,,,,,,,,,,,,
,1,2,3,4,5,6,7,,,,8,9,10,11,12,13,14,,,,15,16,17,18,19,20,21,,,,22,23,24,25,26,27,28,,,,,,,,,,
,,,,,,,,,,,,,,,,,,,,,,,,,,,,,,,,,,,,,,,,,,,,,,,
"
LEADS-GAC ANGELÓPOLIS-ENE",5,3,2,4,3,2,0,FORMULARIOS,19,,2,0,1,2,4,1,1,FORMULARIOS,11,,1,2,1,1,1,2,0,FORMULARIOS,8,,2,1,1,1,0,3,4,FORMULARIOS,12,,,,,,,,
,,,,,,,,,,,,,,,,,,,,,,,,,,,,,,,,,,,,,,,,,,,,,,,
LEADS-WHATSAPP-ANGELÓPOLIS-,4,9,20,34,22,6,13,CONVERSACIONES,108,,7,3,2,4,3,5,3,FORMULARIOS,27,,13,10,16,19,16,14,17,CONVERSACIONES,105,,7,9,6,10,19,10,14,CONVERSACIONES,75,,,,,,,,
,,,,,,,,,,,,,,,,,,,,,,,,,,,,,,,,,,,,,,,,,,,,,,,
CA-WHATSAPP-ASESORES-ANGELOPOLIS,8,17,12,12,12,13,12,CONVERSACIONES,86,,4,3,5,10,6,5,13,CONVERSACIONES,46,,46,30,20,12,32,44,27,CONVERSACIONES,211,,26,18,19,18,27,34,20,CONVERSACIONES,162,,,,,,,,
,,,,,,,,,,,,,,,,,,,,,,,,,,,,,,,,,,,,,,,,,,,,,,,
CA ELÉCTRICOS GAC ANGELÓPOLIS,0,1,0,1,4,5,1,FORMULARIOS,12,,0,3,2,7,8,1,6,CONVERSACIONES,27,,2,2,3,1,1,4,4,FORMULARIOS,17,,0,2,3,1,2,1,1,FORMULARIOS,10,,,,,,,,
,,,,,,,,,,,,,,,,,,,,,,,,,,,,,,,,,,,,,,,,,,,,,,,
CA-ANA-TLAXCALA,4,7,7,6,7,15,7,CONVERSACIONES,53,,15,8,6,8,13,8,15,CONVERSACIONES,73,,1,2,0,3,2,1,3,FORMULARIOS,12,,2,2,0,2,0,3,1,FORMULARIOS,10,,,,,,,,
,,,,,,,,,,,,,,,,,,,,,,,,,,,,,,,,,,,,,,,,,,,,,,,
CA LEADS TLAXCALA,2,5,2,2,1,2,2,FORMULARIOS,16,,6,10,7,3,9,4,3,CONVERSACIONES,42,,1,7,11,2,9,4,7,CONVERSACIONES,41,,3,1,2,0,3,0,2,CONVERSACIONES,11,,,,,,,,
,,,,,,,,,,,,,,,,,,,,,,,,,,,,,,,,,,,,,,,,,,,,,,,
CA LEADS PACHUCA,2,2,0,1,1,1,1,FORMULARIOS,8,,3,2,3,4,6,0,2,FORMULARIOS,20,,4,4,2,1,4,5,7,FORMULARIOS,27,,3,3,1,5,2,3,1,FORMULARIOS,18,,,,,,,,
,,,,,,,,,294,,,,,,,,,,292,,,,,,,,,,421,,,,,,,,,,298,,,,,,,,
,,,,,,,,,,,,,,,,,,,,,,,,,,,,,,,,,,,,,,,,,,,,,,,
Apr-26,1RA SEMANA,,,,,,,,,,,,,,,,,,,,,,,,,,,,,,,,,,,,,,,,,,,,,,
,1,2,3,4,5,6,7,,,,,,,,,,,,,,,,,,,,,,,,,,,,,,,,,,,,,,,,
,,,,,,,,,,,,,,,,,,,,,,,,,,,,,,,,,,,,,,,,,,,,,,,
"
LEADS-GAC ANGELÓPOLIS-ENE",,,,,,,,,,,,,,,,,,,,,,,,,,,,,,,,,,,,,,,,,,,,,,,
,,,,,,,,,,,,,,,,,,,,,,,,,,,,,,,,,,,,,,,,,,,,,,,
LEADS-WHATSAPP-ANGELÓPOLIS-,,,,,,,,,,,,,,,,,,,,,,,,,,,,,,,,,,,,,,,,,,,,,,,
,,,,,,,,,,,,,,,,,,,,,,,,,,,,,,,,,,,,,,,,,,,,,,,
CA-WHATSAPP-ASESORES-ANGELOPOLIS,,,,,,,,,,,,,,,,,,,,,,,,,,,,,,,,,,,,,,,,,,,,,,,
,,,,,,,,,,,,,,,,,,,,,,,,,,,,,,,,,,,,,,,,,,,,,,,
CA ELÉCTRICOS GAC ANGELÓPOLIS,,,,,,,,,,,,,,,,,,,,,,,,,,,,,,,,,,,,,,,,,,,,,,,
,,,,,,,,,,,,,,,,,,,,,,,,,,,,,,,,,,,,,,,,,,,,,,,
CA-ANA-TLAXCALA,,,,,,,,,,,,,,,,,,,,,,,,,,,,,,,,,,,,,,,,,,,,,,,
,,,,,,,,,,,,,,,,,,,,,,,,,,,,,,,,,,,,,,,,,,,,,,,
CA LEADS TLAXCALA,,,,,,,,,,,,,,,,,,,,,,,,,,,,,,,,,,,,,,,,,,,,,,,
,,,,,,,,,,,,,,,,,,,,,,,,,,,,,,,,,,,,,,,,,,,,,,,
CA LEADS PACHUCA,,,,,,,,,,,,,,,,,,,,,,,,,,,,,,,,,,,,,,,,,,,,,,,
